Titulo,url,Catalogo,SJR,Q,h_index,Total Citas,Areas y Categorias,Publisher,ISSN,Widget
Nature Reviews Earth and Environment,https://www.scimagojr.com/journalsearch.php?q=21101049051&tip=sid&clean=0,journal,9.521,Q1,67,7894,Earth and Planetary Sciences: Atmospheric Science + Earth-Surface Processes | Environmental Science: Nature and Landscape Conservation + Pollution ,Springer International Publishing,2662138X,<a href="https://www.scimagojr.com/journalsearch.php?q=21101049051&amp;tip=sid&amp;exact=no" title="SCImago Journal &amp; Country Rank"><img border="0" src="https://www.scimagojr.com/journal_img.php?id=21101049051" alt="SCImago Journal &amp; Country Rank"  /></a>
Quarterly Journal of the Royal Meteorological Society,https://www.scimagojr.com/journalsearch.php?q=14082&tip=sid&clean=0,journal,4.347,Q1,166,6093,Earth and Planetary Sciences: Atmospheric Science ,Wiley-Blackwell,00359009 1477870X,<a href="https://www.scimagojr.com/journalsearch.php?q=14082&amp;tip=sid&amp;exact=no" title="SCImago Journal &amp; Country Rank"><img border="0" src="https://www.scimagojr.com/journal_img.php?id=14082" alt="SCImago Journal &amp; Country Rank"  /></a>
Current Climate Change Reports,https://www.scimagojr.com/journalsearch.php?q=21100873474&tip=sid&clean=0,journal,3.713,Q1,53,288,Earth and Planetary Sciences: Atmospheric Science | Environmental Science: Global and Planetary Change ,Springer International Publishing AG,21986061,<a href="https://www.scimagojr.com/journalsearch.php?q=21100873474&amp;tip=sid&amp;exact=no" title="SCImago Journal &amp; Country Rank"><img border="0" src="https://www.scimagojr.com/journal_img.php?id=21100873474" alt="SCImago Journal &amp; Country Rank"  /></a>
Wiley Interdisciplinary Reviews: Climate Change,https://www.scimagojr.com/journalsearch.php?q=19900191605&tip=sid&clean=0,journal,3.236,Q1,113,2022,Earth and Planetary Sciences: Atmospheric Science | Environmental Science: Global and Planetary Change | Social Sciences: Geography Planning and Development ,John Wiley & Sons Inc.,17577780 17577799,<a href="https://www.scimagojr.com/journalsearch.php?q=19900191605&amp;tip=sid&amp;exact=no" title="SCImago Journal &amp; Country Rank"><img border="0" src="https://www.scimagojr.com/journal_img.php?id=19900191605" alt="SCImago Journal &amp; Country Rank"  /></a>
npj Climate and Atmospheric Science,https://www.scimagojr.com/journalsearch.php?q=21100982468&tip=sid&clean=0,journal,2.946,Q1,46,1716,Earth and Planetary Sciences: Atmospheric Science | Environmental Science: Environmental Chemistry + Global and Planetary Change ,Springer Nature,23973722,<a href="https://www.scimagojr.com/journalsearch.php?q=21100982468&amp;tip=sid&amp;exact=no" title="SCImago Journal &amp; Country Rank"><img border="0" src="https://www.scimagojr.com/journal_img.php?id=21100982468" alt="SCImago Journal &amp; Country Rank"  /></a>
Journal of Climate,https://www.scimagojr.com/journalsearch.php?q=13550&tip=sid&clean=0,journal,2.464,Q1,330,8542,Earth and Planetary Sciences: Atmospheric Science ,American Meteorological Society,08948755 15200442,<a href="https://www.scimagojr.com/journalsearch.php?q=13550&amp;tip=sid&amp;exact=no" title="SCImago Journal &amp; Country Rank"><img border="0" src="https://www.scimagojr.com/journal_img.php?id=13550" alt="SCImago Journal &amp; Country Rank"  /></a>
Global Biogeochemical Cycles,https://www.scimagojr.com/journalsearch.php?q=21848&tip=sid&clean=0,journal,2.387,Q1,212,2223,Earth and Planetary Sciences: Atmospheric Science | Environmental Science: Environmental Chemistry + Environmental Science (miscellaneous) + Global and Planetary Change ,Wiley-Blackwell,08866236 19449224,<a href="https://www.scimagojr.com/journalsearch.php?q=21848&amp;tip=sid&amp;exact=no" title="SCImago Journal &amp; Country Rank"><img border="0" src="https://www.scimagojr.com/journal_img.php?id=21848" alt="SCImago Journal &amp; Country Rank"  /></a>
Weather and Climate Dynamics,https://www.scimagojr.com/journalsearch.php?q=21101089403&tip=sid&clean=0,journal,2.356,Q1,18,746,Earth and Planetary Sciences: Atmospheric Science ,Copernicus Gesellschaft mbH,26984016,<a href="https://www.scimagojr.com/journalsearch.php?q=21101089403&amp;tip=sid&amp;exact=no" title="SCImago Journal &amp; Country Rank"><img border="0" src="https://www.scimagojr.com/journal_img.php?id=21101089403" alt="SCImago Journal &amp; Country Rank"  /></a>
Climate Policy,https://www.scimagojr.com/journalsearch.php?q=22524&tip=sid&clean=0,journal,2.245,Q1,85,2149,Earth and Planetary Sciences: Atmospheric Science | Environmental Science: Environmental Science (miscellaneous) + Global and Planetary Change + Management Monitoring Policy and Law ,Taylor and Francis Ltd.,14693062 17527457,<a href="https://www.scimagojr.com/journalsearch.php?q=22524&amp;tip=sid&amp;exact=no" title="SCImago Journal &amp; Country Rank"><img border="0" src="https://www.scimagojr.com/journal_img.php?id=22524" alt="SCImago Journal &amp; Country Rank"  /></a>
Bulletin of the American Meteorological Society,https://www.scimagojr.com/journalsearch.php?q=12074&tip=sid&clean=0,journal,2.149,Q1,231,3433,Earth and Planetary Sciences: Atmospheric Science ,American Meteorological Society,00030007 15200477,<a href="https://www.scimagojr.com/journalsearch.php?q=12074&amp;tip=sid&amp;exact=no" title="SCImago Journal &amp; Country Rank"><img border="0" src="https://www.scimagojr.com/journal_img.php?id=12074" alt="SCImago Journal &amp; Country Rank"  /></a>
Atmospheric Chemistry and Physics,https://www.scimagojr.com/journalsearch.php?q=12091&tip=sid&clean=0,journal,2.138,Q1,253,14519,Earth and Planetary Sciences: Atmospheric Science ,Copernicus Publications,16807316 16807324,<a href="https://www.scimagojr.com/journalsearch.php?q=12091&amp;tip=sid&amp;exact=no" title="SCImago Journal &amp; Country Rank"><img border="0" src="https://www.scimagojr.com/journal_img.php?id=12091" alt="SCImago Journal &amp; Country Rank"  /></a>
Weather and Climate Extremes,https://www.scimagojr.com/journalsearch.php?q=21100265617&tip=sid&clean=0,journal,2.049,Q1,57,1908,Earth and Planetary Sciences: Atmospheric Science | Environmental Science: Management Monitoring Policy and Law | Social Sciences: Geography Planning and Development ,Elsevier B.V.,22120947,<a href="https://www.scimagojr.com/journalsearch.php?q=21100265617&amp;tip=sid&amp;exact=no" title="SCImago Journal &amp; Country Rank"><img border="0" src="https://www.scimagojr.com/journal_img.php?id=21100265617" alt="SCImago Journal &amp; Country Rank"  /></a>
Climate Dynamics,https://www.scimagojr.com/journalsearch.php?q=12172&tip=sid&clean=0,journal,1.958,Q1,191,6350,Earth and Planetary Sciences: Atmospheric Science ,Springer Verlag,09307575 14320894,<a href="https://www.scimagojr.com/journalsearch.php?q=12172&amp;tip=sid&amp;exact=no" title="SCImago Journal &amp; Country Rank"><img border="0" src="https://www.scimagojr.com/journal_img.php?id=12172" alt="SCImago Journal &amp; Country Rank"  /></a>
Journal of Southern Hemisphere Earth Systems Science,https://www.scimagojr.com/journalsearch.php?q=21100843798&tip=sid&clean=0,journal,1.849,Q1,12,277,Earth and Planetary Sciences: Atmospheric Science + Oceanography | Environmental Science: Global and Planetary Change , Commonwealth Scientific and Industrial Research Organization in Scimago Institutions Rankings,22065865,<a href="https://www.scimagojr.com/journalsearch.php?q=21100843798&amp;tip=sid&amp;exact=no" title="SCImago Journal &amp; Country Rank"><img border="0" src="https://www.scimagojr.com/journal_img.php?id=21100843798" alt="SCImago Journal &amp; Country Rank"  /></a>
Advances in Atmospheric Sciences,https://www.scimagojr.com/journalsearch.php?q=12064&tip=sid&clean=0,journal,1.846,Q1,87,2184,Earth and Planetary Sciences: Atmospheric Science ,Science China Press,02561530 18619533,<a href="https://www.scimagojr.com/journalsearch.php?q=12064&amp;tip=sid&amp;exact=no" title="SCImago Journal &amp; Country Rank"><img border="0" src="https://www.scimagojr.com/journal_img.php?id=12064" alt="SCImago Journal &amp; Country Rank"  /></a>
Journals of the Atmospheric Sciences,https://www.scimagojr.com/journalsearch.php?q=13552&tip=sid&clean=0,journal,1.83,Q1,190,1897,Earth and Planetary Sciences: Atmospheric Science ,American Meteorological Society,00224928 15200469,<a href="https://www.scimagojr.com/journalsearch.php?q=13552&amp;tip=sid&amp;exact=no" title="SCImago Journal &amp; Country Rank"><img border="0" src="https://www.scimagojr.com/journal_img.php?id=13552" alt="SCImago Journal &amp; Country Rank"  /></a>
Journal of Geophysical Research: Atmospheres,https://www.scimagojr.com/journalsearch.php?q=21101038508&tip=sid&clean=0,journal,1.71,Q1,126,9812,Earth and Planetary Sciences: Atmospheric Science + Earth and Planetary Sciences (miscellaneous) + Geophysics + Space and Planetary Science ,Wiley-Blackwell Publishing Ltd,2169897X 21698996,<a href="https://www.scimagojr.com/journalsearch.php?q=21101038508&amp;tip=sid&amp;exact=no" title="SCImago Journal &amp; Country Rank"><img border="0" src="https://www.scimagojr.com/journal_img.php?id=21101038508" alt="SCImago Journal &amp; Country Rank"  /></a>
Agricultural and Forest Meteorology,https://www.scimagojr.com/journalsearch.php?q=12067&tip=sid&clean=0,journal,1.677,Q1,196,7255,Agricultural and Biological Sciences: Agronomy and Crop Science + Forestry | Earth and Planetary Sciences: Atmospheric Science | Environmental Science: Global and Planetary Change ,Elsevier B.V.,01681923,<a href="https://www.scimagojr.com/journalsearch.php?q=12067&amp;tip=sid&amp;exact=no" title="SCImago Journal &amp; Country Rank"><img border="0" src="https://www.scimagojr.com/journal_img.php?id=12067" alt="SCImago Journal &amp; Country Rank"  /></a>
Monthly Weather Review,https://www.scimagojr.com/journalsearch.php?q=13482&tip=sid&clean=0,journal,1.633,Q1,206,1937,Earth and Planetary Sciences: Atmospheric Science ,American Meteorological Society,00270644 15200493,<a href="https://www.scimagojr.com/journalsearch.php?q=13482&amp;tip=sid&amp;exact=no" title="SCImago Journal &amp; Country Rank"><img border="0" src="https://www.scimagojr.com/journal_img.php?id=13482" alt="SCImago Journal &amp; Country Rank"  /></a>
Journal of the Meteorological Society of Japan,https://www.scimagojr.com/journalsearch.php?q=13444&tip=sid&clean=0,journal,1.595,Q1,93,540,Earth and Planetary Sciences: Atmospheric Science ,Meteorological Society of Japan,00261165 21869057,<a href="https://www.scimagojr.com/journalsearch.php?q=13444&amp;tip=sid&amp;exact=no" title="SCImago Journal &amp; Country Rank"><img border="0" src="https://www.scimagojr.com/journal_img.php?id=13444" alt="SCImago Journal &amp; Country Rank"  /></a>
Paleoceanography and Paleoclimatology,https://www.scimagojr.com/journalsearch.php?q=21100852202&tip=sid&clean=0,journal,1.587,Q1,142,1246,Earth and Planetary Sciences: Atmospheric Science + Oceanography + Paleontology ,John Wiley and Sons Inc.,25724517 25724525,<a href="https://www.scimagojr.com/journalsearch.php?q=21100852202&amp;tip=sid&amp;exact=no" title="SCImago Journal &amp; Country Rank"><img border="0" src="https://www.scimagojr.com/journal_img.php?id=21100852202" alt="SCImago Journal &amp; Country Rank"  /></a>
Advances in Climate Change Research,https://www.scimagojr.com/journalsearch.php?q=21100310030&tip=sid&clean=0,journal,1.551,Q1,46,1392,Earth and Planetary Sciences: Atmospheric Science | Environmental Science: Global and Planetary Change + Management Monitoring Policy and Law ,KeAi Communications Co.,16749278 25241761,<a href="https://www.scimagojr.com/journalsearch.php?q=21100310030&amp;tip=sid&amp;exact=no" title="SCImago Journal &amp; Country Rank"><img border="0" src="https://www.scimagojr.com/journal_img.php?id=21100310030" alt="SCImago Journal &amp; Country Rank"  /></a>
Boundary-Layer Meteorology,https://www.scimagojr.com/journalsearch.php?q=12132&tip=sid&clean=0,journal,1.49,Q1,129,931,Earth and Planetary Sciences: Atmospheric Science ,Springer Netherlands,00068314 15731472,<a href="https://www.scimagojr.com/journalsearch.php?q=12132&amp;tip=sid&amp;exact=no" title="SCImago Journal &amp; Country Rank"><img border="0" src="https://www.scimagojr.com/journal_img.php?id=12132" alt="SCImago Journal &amp; Country Rank"  /></a>
Weather and Forecasting,https://www.scimagojr.com/journalsearch.php?q=14764&tip=sid&clean=0,journal,1.478,Q1,123,1277,Earth and Planetary Sciences: Atmospheric Science ,American Meteorological Society,08828156 15200434,<a href="https://www.scimagojr.com/journalsearch.php?q=14764&amp;tip=sid&amp;exact=no" title="SCImago Journal &amp; Country Rank"><img border="0" src="https://www.scimagojr.com/journal_img.php?id=14764" alt="SCImago Journal &amp; Country Rank"  /></a>
Journal of Geophysical Research: Biogeosciences,https://www.scimagojr.com/journalsearch.php?q=21101038507&tip=sid&clean=0,journal,1.459,Q1,81,3122,Agricultural and Biological Sciences: Aquatic Science + Forestry + Soil Science | Earth and Planetary Sciences: Atmospheric Science + Paleontology | Environmental Science: Ecology + Water Science and Technology ,John Wiley and Sons Inc.,21698953 21698961,<a href="https://www.scimagojr.com/journalsearch.php?q=21101038507&amp;tip=sid&amp;exact=no" title="SCImago Journal &amp; Country Rank"><img border="0" src="https://www.scimagojr.com/journal_img.php?id=21101038507" alt="SCImago Journal &amp; Country Rank"  /></a>
IEEE Journal of Selected Topics in Applied Earth Observations and Remote Sensing,https://www.scimagojr.com/journalsearch.php?q=17700155033&tip=sid&clean=0,journal,1.434,Q1,126,12362,Earth and Planetary Sciences: Atmospheric Science + Computers in Earth Sciences ,Institute of Electrical and Electronics Engineers Inc.,19391404 21511535,<a href="https://www.scimagojr.com/journalsearch.php?q=17700155033&amp;tip=sid&amp;exact=no" title="SCImago Journal &amp; Country Rank"><img border="0" src="https://www.scimagojr.com/journal_img.php?id=17700155033" alt="SCImago Journal &amp; Country Rank"  /></a>
Journal of Hydrometeorology,https://www.scimagojr.com/journalsearch.php?q=29539&tip=sid&clean=0,journal,1.432,Q1,148,1783,Earth and Planetary Sciences: Atmospheric Science ,American Meteorological Society,15257541 1525755X,<a href="https://www.scimagojr.com/journalsearch.php?q=29539&amp;tip=sid&amp;exact=no" title="SCImago Journal &amp; Country Rank"><img border="0" src="https://www.scimagojr.com/journal_img.php?id=29539" alt="SCImago Journal &amp; Country Rank"  /></a>
Atmospheric Research,https://www.scimagojr.com/journalsearch.php?q=12092&tip=sid&clean=0,journal,1.427,Q1,137,7379,Earth and Planetary Sciences: Atmospheric Science ,Elsevier B.V.,01698095,<a href="https://www.scimagojr.com/journalsearch.php?q=12092&amp;tip=sid&amp;exact=no" title="SCImago Journal &amp; Country Rank"><img border="0" src="https://www.scimagojr.com/journal_img.php?id=12092" alt="SCImago Journal &amp; Country Rank"  /></a>
Climatic Change,https://www.scimagojr.com/journalsearch.php?q=12177&tip=sid&clean=0,journal,1.393,Q1,217,4494,Earth and Planetary Sciences: Atmospheric Science | Environmental Science: Global and Planetary Change ,Springer Netherlands,01650009 15731480,<a href="https://www.scimagojr.com/journalsearch.php?q=12177&amp;tip=sid&amp;exact=no" title="SCImago Journal &amp; Country Rank"><img border="0" src="https://www.scimagojr.com/journal_img.php?id=12177" alt="SCImago Journal &amp; Country Rank"  /></a>
Elementa,https://www.scimagojr.com/journalsearch.php?q=21100777486&tip=sid&clean=0,journal,1.337,Q1,55,1354,Earth and Planetary Sciences: Atmospheric Science + Geology + Geotechnical Engineering and Engineering Geology + Oceanography | Environmental Science: Ecology + Environmental Engineering ,University of California Press,23251026,<a href="https://www.scimagojr.com/journalsearch.php?q=21100777486&amp;tip=sid&amp;exact=no" title="SCImago Journal &amp; Country Rank"><img border="0" src="https://www.scimagojr.com/journal_img.php?id=21100777486" alt="SCImago Journal &amp; Country Rank"  /></a>
Scientific Online Letters on the Atmosphere,https://www.scimagojr.com/journalsearch.php?q=5600152714&tip=sid&clean=0,journal,1.331,Q1,39,254,Earth and Planetary Sciences: Atmospheric Science ,Meteorological Society of Japan,13496476,<a href="https://www.scimagojr.com/journalsearch.php?q=5600152714&amp;tip=sid&amp;exact=no" title="SCImago Journal &amp; Country Rank"><img border="0" src="https://www.scimagojr.com/journal_img.php?id=5600152714" alt="SCImago Journal &amp; Country Rank"  /></a>
Urban Climate,https://www.scimagojr.com/journalsearch.php?q=21100220478&tip=sid&clean=0,journal,1.318,Q1,75,5178,Earth and Planetary Sciences: Atmospheric Science | Environmental Science: Environmental Science (miscellaneous) | Social Sciences: Geography Planning and Development + Urban Studies ,Elsevier B.V.,22120955,<a href="https://www.scimagojr.com/journalsearch.php?q=21100220478&amp;tip=sid&amp;exact=no" title="SCImago Journal &amp; Country Rank"><img border="0" src="https://www.scimagojr.com/journal_img.php?id=21100220478" alt="SCImago Journal &amp; Country Rank"  /></a>
Atmospheric Measurement Techniques,https://www.scimagojr.com/journalsearch.php?q=21100197156&tip=sid&clean=0,journal,1.297,Q1,114,4257,Earth and Planetary Sciences: Atmospheric Science ,Copernicus Gesellschaft mbH,18671381 18678548,<a href="https://www.scimagojr.com/journalsearch.php?q=21100197156&amp;tip=sid&amp;exact=no" title="SCImago Journal &amp; Country Rank"><img border="0" src="https://www.scimagojr.com/journal_img.php?id=21100197156" alt="SCImago Journal &amp; Country Rank"  /></a>
Geography Compass,https://www.scimagojr.com/journalsearch.php?q=13300154704&tip=sid&clean=0,journal,1.292,Q1,85,647,Earth and Planetary Sciences: Atmospheric Science + Computers in Earth Sciences + Earth-Surface Processes | Environmental Science: Water Science and Technology | Social Sciences: Social Sciences (miscellaneous) ,Wiley-Blackwell Publishing Ltd,17498198,<a href="https://www.scimagojr.com/journalsearch.php?q=13300154704&amp;tip=sid&amp;exact=no" title="SCImago Journal &amp; Country Rank"><img border="0" src="https://www.scimagojr.com/journal_img.php?id=13300154704" alt="SCImago Journal &amp; Country Rank"  /></a>
Climate Risk Management,https://www.scimagojr.com/journalsearch.php?q=21100312211&tip=sid&clean=0,journal,1.266,Q1,50,1363,Earth and Planetary Sciences: Atmospheric Science | Environmental Science: Global and Planetary Change + Management Monitoring Policy and Law | Social Sciences: Geography Planning and Development ,Elsevier B.V.,22120963,<a href="https://www.scimagojr.com/journalsearch.php?q=21100312211&amp;tip=sid&amp;exact=no" title="SCImago Journal &amp; Country Rank"><img border="0" src="https://www.scimagojr.com/journal_img.php?id=21100312211" alt="SCImago Journal &amp; Country Rank"  /></a>
International Journal of Climatology,https://www.scimagojr.com/journalsearch.php?q=13507&tip=sid&clean=0,journal,1.221,Q2,192,6554,Earth and Planetary Sciences: Atmospheric Science ,John Wiley and Sons Ltd,08998418 10970088,<a href="https://www.scimagojr.com/journalsearch.php?q=13507&amp;tip=sid&amp;exact=no" title="SCImago Journal &amp; Country Rank"><img border="0" src="https://www.scimagojr.com/journal_img.php?id=13507" alt="SCImago Journal &amp; Country Rank"  /></a>
Atmospheric Environment,https://www.scimagojr.com/journalsearch.php?q=23357&tip=sid&clean=0,journal,1.169,Q2,279,8400,Earth and Planetary Sciences: Atmospheric Science | Environmental Science: Environmental Science (miscellaneous) ,Elsevier Ltd,13522310 18732844,<a href="https://www.scimagojr.com/journalsearch.php?q=23357&amp;tip=sid&amp;exact=no" title="SCImago Journal &amp; Country Rank"><img border="0" src="https://www.scimagojr.com/journal_img.php?id=23357" alt="SCImago Journal &amp; Country Rank"  /></a>
Space Weather,https://www.scimagojr.com/journalsearch.php?q=4000151603&tip=sid&clean=0,journal,1.164,Q2,72,1667,Earth and Planetary Sciences: Atmospheric Science ,Wiley-Blackwell,15427390,<a href="https://www.scimagojr.com/journalsearch.php?q=4000151603&amp;tip=sid&amp;exact=no" title="SCImago Journal &amp; Country Rank"><img border="0" src="https://www.scimagojr.com/journal_img.php?id=4000151603" alt="SCImago Journal &amp; Country Rank"  /></a>
Advances in Statistical Climatology Meteorology and Oceanography,https://www.scimagojr.com/journalsearch.php?q=21100927405&tip=sid&clean=0,journal,1.129,Q2,7,82,Earth and Planetary Sciences: Atmospheric Science + Oceanography | Mathematics: Applied Mathematics + Statistics and Probability ,Copernicus GmbH,23643579 23643587,<a href="https://www.scimagojr.com/journalsearch.php?q=21100927405&amp;tip=sid&amp;exact=no" title="SCImago Journal &amp; Country Rank"><img border="0" src="https://www.scimagojr.com/journal_img.php?id=21100927405" alt="SCImago Journal &amp; Country Rank"  /></a>
Atmospheric Science Letters,https://www.scimagojr.com/journalsearch.php?q=12093&tip=sid&clean=0,journal,1.09,Q2,55,371,Earth and Planetary Sciences: Atmospheric Science ,John Wiley & Sons Inc.,1530261X,<a href="https://www.scimagojr.com/journalsearch.php?q=12093&amp;tip=sid&amp;exact=no" title="SCImago Journal &amp; Country Rank"><img border="0" src="https://www.scimagojr.com/journal_img.php?id=12093" alt="SCImago Journal &amp; Country Rank"  /></a>
Atmospheric Environment: X,https://www.scimagojr.com/journalsearch.php?q=21100894508&tip=sid&clean=0,journal,1.084,Q2,23,626,Earth and Planetary Sciences: Atmospheric Science | Environmental Science: Environmental Science (miscellaneous) ,Elsevier Ltd,25901621,<a href="https://www.scimagojr.com/journalsearch.php?q=21100894508&amp;tip=sid&amp;exact=no" title="SCImago Journal &amp; Country Rank"><img border="0" src="https://www.scimagojr.com/journal_img.php?id=21100894508" alt="SCImago Journal &amp; Country Rank"  /></a>
Journal of Applied Meteorology and Climatology,https://www.scimagojr.com/journalsearch.php?q=4400151717&tip=sid&clean=0,journal,1.068,Q2,156,949,Earth and Planetary Sciences: Atmospheric Science ,American Meteorological Society,15588424,<a href="https://www.scimagojr.com/journalsearch.php?q=4400151717&amp;tip=sid&amp;exact=no" title="SCImago Journal &amp; Country Rank"><img border="0" src="https://www.scimagojr.com/journal_img.php?id=4400151717" alt="SCImago Journal &amp; Country Rank"  /></a>
Journal of Space Weather and Space Climate,https://www.scimagojr.com/journalsearch.php?q=21100286958&tip=sid&clean=0,journal,1.056,Q2,43,614,Earth and Planetary Sciences: Atmospheric Science + Space and Planetary Science ,EDP Sciences,21157251,<a href="https://www.scimagojr.com/journalsearch.php?q=21100286958&amp;tip=sid&amp;exact=no" title="SCImago Journal &amp; Country Rank"><img border="0" src="https://www.scimagojr.com/journal_img.php?id=21100286958" alt="SCImago Journal &amp; Country Rank"  /></a>
Journal of Meteorological Research,https://www.scimagojr.com/journalsearch.php?q=12063&tip=sid&clean=0,journal,1.055,Q2,45,790,Earth and Planetary Sciences: Atmospheric Science | Engineering: Ocean Engineering ,Chinese Meteorological Society,20956037 21980934,<a href="https://www.scimagojr.com/journalsearch.php?q=12063&amp;tip=sid&amp;exact=no" title="SCImago Journal &amp; Country Rank"><img border="0" src="https://www.scimagojr.com/journal_img.php?id=12063" alt="SCImago Journal &amp; Country Rank"  /></a>
Ocean Modelling,https://www.scimagojr.com/journalsearch.php?q=28352&tip=sid&clean=0,journal,1.038,Q2,100,765,Computer Science: Computer Science (miscellaneous) | Earth and Planetary Sciences: Atmospheric Science + Geotechnical Engineering and Engineering Geology + Oceanography ,Elsevier B.V.,14635003 14635011,<a href="https://www.scimagojr.com/journalsearch.php?q=28352&amp;tip=sid&amp;exact=no" title="SCImago Journal &amp; Country Rank"><img border="0" src="https://www.scimagojr.com/journal_img.php?id=28352" alt="SCImago Journal &amp; Country Rank"  /></a>
Climate Services,https://www.scimagojr.com/journalsearch.php?q=21100463842&tip=sid&clean=0,journal,1.009,Q2,37,597,Earth and Planetary Sciences: Atmospheric Science | Environmental Science: Global and Planetary Change ,Elsevier B.V.,24058807,<a href="https://www.scimagojr.com/journalsearch.php?q=21100463842&amp;tip=sid&amp;exact=no" title="SCImago Journal &amp; Country Rank"><img border="0" src="https://www.scimagojr.com/journal_img.php?id=21100463842" alt="SCImago Journal &amp; Country Rank"  /></a>
Frontiers in Climate,https://www.scimagojr.com/journalsearch.php?q=21101072516&tip=sid&clean=0,journal,1.003,Q2,25,1522,Earth and Planetary Sciences: Atmospheric Science | Environmental Science: Environmental Science (miscellaneous) + Global and Planetary Change + Management Monitoring Policy and Law + Pollution ,Frontiers Media SA,26249553,<a href="https://www.scimagojr.com/journalsearch.php?q=21101072516&amp;tip=sid&amp;exact=no" title="SCImago Journal &amp; Country Rank"><img border="0" src="https://www.scimagojr.com/journal_img.php?id=21101072516" alt="SCImago Journal &amp; Country Rank"  /></a>
Atmospheric Pollution Research,https://www.scimagojr.com/journalsearch.php?q=21100254615&tip=sid&clean=0,journal,0.95,Q2,71,3859,Earth and Planetary Sciences: Atmospheric Science | Environmental Science: Pollution + Waste Management and Disposal ,Elsevier B.V.,13091042,<a href="https://www.scimagojr.com/journalsearch.php?q=21100254615&amp;tip=sid&amp;exact=no" title="SCImago Journal &amp; Country Rank"><img border="0" src="https://www.scimagojr.com/journal_img.php?id=21100254615" alt="SCImago Journal &amp; Country Rank"  /></a>
Journal of Aerosol Science,https://www.scimagojr.com/journalsearch.php?q=15759&tip=sid&clean=0,journal,0.87,Q2,124,1489,Chemical Engineering: Fluid Flow and Transfer Processes | Earth and Planetary Sciences: Atmospheric Science | Engineering: Mechanical Engineering | Environmental Science: Environmental Chemistry + Environmental Engineering + Pollution | Materials Science: Materials Science (miscellaneous) ,Elsevier Ltd,00218502 18791964,<a href="https://www.scimagojr.com/journalsearch.php?q=15759&amp;tip=sid&amp;exact=no" title="SCImago Journal &amp; Country Rank"><img border="0" src="https://www.scimagojr.com/journal_img.php?id=15759" alt="SCImago Journal &amp; Country Rank"  /></a>
Journal of Atmospheric and Oceanic Technology,https://www.scimagojr.com/journalsearch.php?q=13549&tip=sid&clean=0,journal,0.849,Q2,144,881,Earth and Planetary Sciences: Atmospheric Science | Engineering: Ocean Engineering ,American Meteorological Society,07390572 15200426,<a href="https://www.scimagojr.com/journalsearch.php?q=13549&amp;tip=sid&amp;exact=no" title="SCImago Journal &amp; Country Rank"><img border="0" src="https://www.scimagojr.com/journal_img.php?id=13549" alt="SCImago Journal &amp; Country Rank"  /></a>
AI Open,https://www.scimagojr.com/journalsearch.php?q=21101101212&tip=sid&clean=0,journal,8.119,Q1,16,1720,Computer Science: Artificial Intelligence + Computer Science Applications + Computer Vision and Pattern Recognition + Human-Computer Interaction + Information Systems + Software ,KeAi Communications Co.,26666510,<a href="https://www.scimagojr.com/journalsearch.php?q=21101101212&amp;tip=sid&amp;exact=no" title="SCImago Journal &amp; Country Rank"><img border="0" src="https://www.scimagojr.com/journal_img.php?id=21101101212" alt="SCImago Journal &amp; Country Rank"  /></a>
Nature Biomedical Engineering,https://www.scimagojr.com/journalsearch.php?q=21100831443&tip=sid&clean=0,journal,7.951,Q1,116,8533,Biochemistry Genetics and Molecular Biology: Biotechnology | Chemical Engineering: Bioengineering | Computer Science: Computer Science Applications | Engineering: Biomedical Engineering | Medicine: Medicine (miscellaneous) ,Nature Publishing Group,2157846X,<a href="https://www.scimagojr.com/journalsearch.php?q=21100831443&amp;tip=sid&amp;exact=no" title="SCImago Journal &amp; Country Rank"><img border="0" src="https://www.scimagojr.com/journal_img.php?id=21100831443" alt="SCImago Journal &amp; Country Rank"  /></a>
Science Robotics,https://www.scimagojr.com/journalsearch.php?q=21100886132&tip=sid&clean=0,journal,6.601,Q1,101,5224,Computer Science: Artificial Intelligence + Computer Science Applications | Engineering: Mechanical Engineering | Mathematics: Control and Optimization , American Association for the Advancement of Science in Scimago Institutions Rankings,24709476,<a href="https://www.scimagojr.com/journalsearch.php?q=21100886132&amp;tip=sid&amp;exact=no" title="SCImago Journal &amp; Country Rank"><img border="0" src="https://www.scimagojr.com/journal_img.php?id=21100886132" alt="SCImago Journal &amp; Country Rank"  /></a>
IEEE Wireless Communications,https://www.scimagojr.com/journalsearch.php?q=18935&tip=sid&clean=0,journal,5.926,Q1,188,5302,Computer Science: Computer Science Applications | Engineering: Electrical and Electronic Engineering ,Institute of Electrical and Electronics Engineers Inc.,15361284,<a href="https://www.scimagojr.com/journalsearch.php?q=18935&amp;tip=sid&amp;exact=no" title="SCImago Journal &amp; Country Rank"><img border="0" src="https://www.scimagojr.com/journal_img.php?id=18935" alt="SCImago Journal &amp; Country Rank"  /></a>
IEEE Transactions on Cybernetics,https://www.scimagojr.com/journalsearch.php?q=21100274221&tip=sid&clean=0,journal,5.641,Q1,185,26174,Computer Science: Computer Science Applications + Human-Computer Interaction + Information Systems + Software | Engineering: Control and Systems Engineering + Electrical and Electronic Engineering ,IEEE Advancing Technology for Humanity,21682267 21682275,<a href="https://www.scimagojr.com/journalsearch.php?q=21100274221&amp;tip=sid&amp;exact=no" title="SCImago Journal &amp; Country Rank"><img border="0" src="https://www.scimagojr.com/journal_img.php?id=21100274221" alt="SCImago Journal &amp; Country Rank"  /></a>
IEEE Communications Magazine,https://www.scimagojr.com/journalsearch.php?q=17249&tip=sid&clean=0,journal,5.631,Q1,282,5764,Computer Science: Computer Networks and Communications + Computer Science Applications | Engineering: Electrical and Electronic Engineering ,Institute of Electrical and Electronics Engineers Inc.,01636804,<a href="https://www.scimagojr.com/journalsearch.php?q=17249&amp;tip=sid&amp;exact=no" title="SCImago Journal &amp; Country Rank"><img border="0" src="https://www.scimagojr.com/journal_img.php?id=17249" alt="SCImago Journal &amp; Country Rank"  /></a>
IEEE Transactions on Wireless Communications,https://www.scimagojr.com/journalsearch.php?q=18933&tip=sid&clean=0,journal,5.371,Q1,251,19313,Computer Science: Computer Science Applications | Engineering: Electrical and Electronic Engineering | Mathematics: Applied Mathematics ,Institute of Electrical and Electronics Engineers Inc.,15361276 15582248,<a href="https://www.scimagojr.com/journalsearch.php?q=18933&amp;tip=sid&amp;exact=no" title="SCImago Journal &amp; Country Rank"><img border="0" src="https://www.scimagojr.com/journal_img.php?id=18933" alt="SCImago Journal &amp; Country Rank"  /></a>
GigaScience,https://www.scimagojr.com/journalsearch.php?q=21100420802&tip=sid&clean=0,journal,4.621,Q1,88,3822,Computer Science: Computer Science Applications | Medicine: Health Informatics ,Oxford University Press,2047217X,<a href="https://www.scimagojr.com/journalsearch.php?q=21100420802&amp;tip=sid&amp;exact=no" title="SCImago Journal &amp; Country Rank"><img border="0" src="https://www.scimagojr.com/journal_img.php?id=21100420802" alt="SCImago Journal &amp; Country Rank"  /></a>
IEEE Transactions on Automatic Control,https://www.scimagojr.com/journalsearch.php?q=17339&tip=sid&clean=0,journal,4.501,Q1,329,12219,Computer Science: Computer Science Applications | Engineering: Control and Systems Engineering + Electrical and Electronic Engineering ,Institute of Electrical and Electronics Engineers Inc.,00189286 15582523,<a href="https://www.scimagojr.com/journalsearch.php?q=17339&amp;tip=sid&amp;exact=no" title="SCImago Journal &amp; Country Rank"><img border="0" src="https://www.scimagojr.com/journal_img.php?id=17339" alt="SCImago Journal &amp; Country Rank"  /></a>
IEEE Transactions on Industrial Informatics,https://www.scimagojr.com/journalsearch.php?q=144912&tip=sid&clean=0,journal,4.42,Q1,193,32448,Computer Science: Computer Science Applications + Information Systems | Engineering: Control and Systems Engineering + Electrical and Electronic Engineering , Institute of Electrical and Electronics Engineers USA in Scimago Institutions Rankings,15513203,<a href="https://www.scimagojr.com/journalsearch.php?q=144912&amp;tip=sid&amp;exact=no" title="SCImago Journal &amp; Country Rank"><img border="0" src="https://www.scimagojr.com/journal_img.php?id=144912" alt="SCImago Journal &amp; Country Rank"  /></a>
npj Digital Medicine,https://www.scimagojr.com/journalsearch.php?q=21101012669&tip=sid&clean=0,journal,4.273,Q1,84,8001,Computer Science: Computer Science Applications | Health Professions: Health Information Management | Medicine: Health Informatics + Medicine (miscellaneous) ,Nature Publishing Group,23986352,<a href="https://www.scimagojr.com/journalsearch.php?q=21101012669&amp;tip=sid&amp;exact=no" title="SCImago Journal &amp; Country Rank"><img border="0" src="https://www.scimagojr.com/journal_img.php?id=21101012669" alt="SCImago Journal &amp; Country Rank"  /></a>
IEEE Transactions on Neural Networks and Learning Systems,https://www.scimagojr.com/journalsearch.php?q=21100235616&tip=sid&clean=0,journal,4.17,Q1,251,23364,Computer Science: Artificial Intelligence + Computer Networks and Communications + Computer Science Applications + Software , Institute of Electrical and Electronics Engineers USA in Scimago Institutions Rankings,2162237X 21622388,<a href="https://www.scimagojr.com/journalsearch.php?q=21100235616&amp;tip=sid&amp;exact=no" title="SCImago Journal &amp; Country Rank"><img border="0" src="https://www.scimagojr.com/journal_img.php?id=21100235616" alt="SCImago Journal &amp; Country Rank"  /></a>
MIS Quarterly: Management Information Systems,https://www.scimagojr.com/journalsearch.php?q=12402&tip=sid&clean=0,journal,4.105,Q1,271,2019,Business Management and Accounting: Management Information Systems | Computer Science: Computer Science Applications + Information Systems | Decision Sciences: Information Systems and Management ,Management Information Systems Research Center,02767783 21629730,<a href="https://www.scimagojr.com/journalsearch.php?q=12402&amp;tip=sid&amp;exact=no" title="SCImago Journal &amp; Country Rank"><img border="0" src="https://www.scimagojr.com/journal_img.php?id=12402" alt="SCImago Journal &amp; Country Rank"  /></a>
Transactions of the Association for Computational Linguistics,https://www.scimagojr.com/journalsearch.php?q=21101049047&tip=sid&clean=0,journal,4.006,Q1,56,5002,Computer Science: Artificial Intelligence + Computer Science Applications + Human-Computer Interaction | Social Sciences: Communication + Linguistics and Language ,MIT Press Journals,2307387X,<a href="https://www.scimagojr.com/journalsearch.php?q=21101049047&amp;tip=sid&amp;exact=no" title="SCImago Journal &amp; Country Rank"><img border="0" src="https://www.scimagojr.com/journal_img.php?id=21101049047" alt="SCImago Journal &amp; Country Rank"  /></a>
IEEE Transactions on Systems Man and Cybernetics: Systems,https://www.scimagojr.com/journalsearch.php?q=21100262320&tip=sid&clean=0,journal,3.992,Q1,171,17917,Computer Science: Computer Science Applications + Human-Computer Interaction + Information Systems + Software | Engineering: Control and Systems Engineering + Electrical and Electronic Engineering ,IEEE Advancing Technology for Humanity,21682216 21682232,<a href="https://www.scimagojr.com/journalsearch.php?q=21100262320&amp;tip=sid&amp;exact=no" title="SCImago Journal &amp; Country Rank"><img border="0" src="https://www.scimagojr.com/journal_img.php?id=21100262320" alt="SCImago Journal &amp; Country Rank"  /></a>
ISPRS Journal of Photogrammetry and Remote Sensing,https://www.scimagojr.com/journalsearch.php?q=29161&tip=sid&clean=0,journal,3.76,Q1,187,10766,Computer Science: Computer Science Applications | Earth and Planetary Sciences: Computers in Earth Sciences | Engineering: Engineering (miscellaneous) | Physics and Astronomy: Atomic and Molecular Physics and Optics | Social Sciences: Geography Planning and Development ,Elsevier B.V.,09242716,<a href="https://www.scimagojr.com/journalsearch.php?q=29161&amp;tip=sid&amp;exact=no" title="SCImago Journal &amp; Country Rank"><img border="0" src="https://www.scimagojr.com/journal_img.php?id=29161" alt="SCImago Journal &amp; Country Rank"  /></a>
IEEE Transactions on Medical Imaging,https://www.scimagojr.com/journalsearch.php?q=16733&tip=sid&clean=0,journal,3.703,Q1,259,12917,Computer Science: Computer Science Applications + Software | Engineering: Electrical and Electronic Engineering | Health Professions: Radiological and Ultrasound Technology ,Institute of Electrical and Electronics Engineers Inc.,02780062 1558254X,<a href="https://www.scimagojr.com/journalsearch.php?q=16733&amp;tip=sid&amp;exact=no" title="SCImago Journal &amp; Country Rank"><img border="0" src="https://www.scimagojr.com/journal_img.php?id=16733" alt="SCImago Journal &amp; Country Rank"  /></a>
IEEE Transactions on Robotics,https://www.scimagojr.com/journalsearch.php?q=95101&tip=sid&clean=0,journal,3.669,Q1,190,5784,Computer Science: Computer Science Applications | Engineering: Control and Systems Engineering + Electrical and Electronic Engineering ,Institute of Electrical and Electronics Engineers Inc.,15523098,<a href="https://www.scimagojr.com/journalsearch.php?q=95101&amp;tip=sid&amp;exact=no" title="SCImago Journal &amp; Country Rank"><img border="0" src="https://www.scimagojr.com/journal_img.php?id=95101" alt="SCImago Journal &amp; Country Rank"  /></a>
Wiley Interdisciplinary Reviews: Computational Molecular Science,https://www.scimagojr.com/journalsearch.php?q=21100200203&tip=sid&clean=0,journal,3.473,Q1,105,2884,Biochemistry Genetics and Molecular Biology: Biochemistry | Chemistry: Physical and Theoretical Chemistry | Computer Science: Computer Science Applications | Materials Science: Materials Chemistry | Mathematics: Computational Mathematics ,John Wiley & Sons Inc.,17590876 17590884,<a href="https://www.scimagojr.com/journalsearch.php?q=21100200203&amp;tip=sid&amp;exact=no" title="SCImago Journal &amp; Country Rank"><img border="0" src="https://www.scimagojr.com/journal_img.php?id=21100200203" alt="SCImago Journal &amp; Country Rank"  /></a>
IEEE Transactions on Industrial Electronics,https://www.scimagojr.com/journalsearch.php?q=26053&tip=sid&clean=0,journal,3.395,Q1,341,32055,Computer Science: Computer Science Applications | Engineering: Control and Systems Engineering + Electrical and Electronic Engineering ,IEEE Industrial Electronics Society,02780046,<a href="https://www.scimagojr.com/journalsearch.php?q=26053&amp;tip=sid&amp;exact=no" title="SCImago Journal &amp; Country Rank"><img border="0" src="https://www.scimagojr.com/journal_img.php?id=26053" alt="SCImago Journal &amp; Country Rank"  /></a>
IEEE Internet of Things Journal,https://www.scimagojr.com/journalsearch.php?q=21100338350&tip=sid&clean=0,journal,3.382,Q1,179,43262,Computer Science: Computer Networks and Communications + Computer Science Applications + Hardware and Architecture + Information Systems + Signal Processing | Decision Sciences: Information Systems and Management ,Institute of Electrical and Electronics Engineers Inc.,23274662,<a href="https://www.scimagojr.com/journalsearch.php?q=21100338350&amp;tip=sid&amp;exact=no" title="SCImago Journal &amp; Country Rank"><img border="0" src="https://www.scimagojr.com/journal_img.php?id=21100338350" alt="SCImago Journal &amp; Country Rank"  /></a>
Computers and Education: Artificial Intelligence,https://www.scimagojr.com/journalsearch.php?q=21101074919&tip=sid&clean=0,journal,3.227,Q1,29,2196,Computer Science: Artificial Intelligence + Computer Science Applications | Social Sciences: Education ,Elsevier B.V.,2666920X,<a href="https://www.scimagojr.com/journalsearch.php?q=21101074919&amp;tip=sid&amp;exact=no" title="SCImago Journal &amp; Country Rank"><img border="0" src="https://www.scimagojr.com/journal_img.php?id=21101074919" alt="SCImago Journal &amp; Country Rank"  /></a>
Journal of Management Information Systems,https://www.scimagojr.com/journalsearch.php?q=15700&tip=sid&clean=0,journal,3.07,Q1,170,1016,Business Management and Accounting: Management Information Systems | Computer Science: Computer Science Applications | Decision Sciences: Information Systems and Management + Management Science and Operations Research ,M.E. Sharpe Inc.,07421222 1557928X,<a href="https://www.scimagojr.com/journalsearch.php?q=15700&amp;tip=sid&amp;exact=no" title="SCImago Journal &amp; Country Rank"><img border="0" src="https://www.scimagojr.com/journal_img.php?id=15700" alt="SCImago Journal &amp; Country Rank"  /></a>
Journal of Operations Management,https://www.scimagojr.com/journalsearch.php?q=19169&tip=sid&clean=0,journal,3.009,Q1,219,960,Business Management and Accounting: Strategy and Management | Computer Science: Computer Science Applications | Decision Sciences: Management Science and Operations Research | Engineering: Industrial and Manufacturing Engineering ,John Wiley & Sons Inc.,02726963 18731317,<a href="https://www.scimagojr.com/journalsearch.php?q=19169&amp;tip=sid&amp;exact=no" title="SCImago Journal &amp; Country Rank"><img border="0" src="https://www.scimagojr.com/journal_img.php?id=19169" alt="SCImago Journal &amp; Country Rank"  /></a>
Computer-Aided Civil and Infrastructure Engineering,https://www.scimagojr.com/journalsearch.php?q=18144&tip=sid&clean=0,journal,2.972,Q1,109,3645,Computer Science: Computational Theory and Mathematics + Computer Graphics and Computer-Aided Design + Computer Science Applications | Engineering: Civil and Structural Engineering ,Wiley-Blackwell Publishing Ltd,10939687 14678667,<a href="https://www.scimagojr.com/journalsearch.php?q=18144&amp;tip=sid&amp;exact=no" title="SCImago Journal &amp; Country Rank"><img border="0" src="https://www.scimagojr.com/journal_img.php?id=18144" alt="SCImago Journal &amp; Country Rank"  /></a>
Robotics and Computer-Integrated Manufacturing,https://www.scimagojr.com/journalsearch.php?q=18080&tip=sid&clean=0,journal,2.906,Q1,121,6031,Computer Science: Computer Science Applications + Software | Engineering: Control and Systems Engineering + Industrial and Manufacturing Engineering | Mathematics: Mathematics (miscellaneous) ,Elsevier Ltd,07365845,<a href="https://www.scimagojr.com/journalsearch.php?q=18080&amp;tip=sid&amp;exact=no" title="SCImago Journal &amp; Country Rank"><img border="0" src="https://www.scimagojr.com/journal_img.php?id=18080" alt="SCImago Journal &amp; Country Rank"  /></a>
IEEE Transactions on Knowledge and Data Engineering,https://www.scimagojr.com/journalsearch.php?q=17362&tip=sid&clean=0,journal,2.867,Q1,204,8405,Computer Science: Computational Theory and Mathematics + Computer Science Applications + Information Systems , Institute of Electrical and Electronics Engineers USA in Scimago Institutions Rankings,10414347,<a href="https://www.scimagojr.com/journalsearch.php?q=17362&amp;tip=sid&amp;exact=no" title="SCImago Journal &amp; Country Rank"><img border="0" src="https://www.scimagojr.com/journal_img.php?id=17362" alt="SCImago Journal &amp; Country Rank"  /></a>
Transportation Research Part C: Emerging Technologies,https://www.scimagojr.com/journalsearch.php?q=20893&tip=sid&clean=0,journal,2.86,Q1,180,11151,Computer Science: Computer Science Applications | Decision Sciences: Management Science and Operations Research | Engineering: Automotive Engineering + Civil and Structural Engineering | Social Sciences: Transportation ,Elsevier Ltd,0968090X,<a href="https://www.scimagojr.com/journalsearch.php?q=20893&amp;tip=sid&amp;exact=no" title="SCImago Journal &amp; Country Rank"><img border="0" src="https://www.scimagojr.com/journal_img.php?id=20893" alt="SCImago Journal &amp; Country Rank"  /></a>
Operations Research,https://www.scimagojr.com/journalsearch.php?q=22238&tip=sid&clean=0,journal,2.848,Q1,161,1292,Computer Science: Computer Science Applications | Decision Sciences: Management Science and Operations Research ,INFORMS Institute for Operations Research and the Management Sciences,0030364X 15265463,<a href="https://www.scimagojr.com/journalsearch.php?q=22238&amp;tip=sid&amp;exact=no" title="SCImago Journal &amp; Country Rank"><img border="0" src="https://www.scimagojr.com/journal_img.php?id=22238" alt="SCImago Journal &amp; Country Rank"  /></a>
Nature Computational Science,https://www.scimagojr.com/journalsearch.php?q=21101076096&tip=sid&clean=0,journal,2.797,Q1,27,1649,Computer Science: Computer Networks and Communications + Computer Science Applications + Computer Science (miscellaneous) ,Springer Nature,26628457,<a href="https://www.scimagojr.com/journalsearch.php?q=21101076096&amp;tip=sid&amp;exact=no" title="SCImago Journal &amp; Country Rank"><img border="0" src="https://www.scimagojr.com/journal_img.php?id=21101076096" alt="SCImago Journal &amp; Country Rank"  /></a>
IEEE Transactions on Intelligent Transportation Systems,https://www.scimagojr.com/journalsearch.php?q=18378&tip=sid&clean=0,journal,2.58,Q1,201,29560,Computer Science: Computer Science Applications | Engineering: Automotive Engineering + Mechanical Engineering ,Institute of Electrical and Electronics Engineers Inc.,15249050 15580016,<a href="https://www.scimagojr.com/journalsearch.php?q=18378&amp;tip=sid&amp;exact=no" title="SCImago Journal &amp; Country Rank"><img border="0" src="https://www.scimagojr.com/journal_img.php?id=18378" alt="SCImago Journal &amp; Country Rank"  /></a>
International Journal of Educational Technology in Higher Education,https://www.scimagojr.com/journalsearch.php?q=21100466714&tip=sid&clean=0,journal,2.578,Q1,61,2510,Computer Science: Computer Science Applications | Social Sciences: Education + E-learning ,Springer Netherlands,23659440,<a href="https://www.scimagojr.com/journalsearch.php?q=21100466714&amp;tip=sid&amp;exact=no" title="SCImago Journal &amp; Country Rank"><img border="0" src="https://www.scimagojr.com/journal_img.php?id=21100466714" alt="SCImago Journal &amp; Country Rank"  /></a>
Bioinformatics,https://www.scimagojr.com/journalsearch.php?q=17945&tip=sid&clean=0,journal,2.574,Q1,462,17461,Biochemistry Genetics and Molecular Biology: Biochemistry + Molecular Biology | Computer Science: Computational Theory and Mathematics + Computer Science Applications | Mathematics: Computational Mathematics + Statistics and Probability ,Oxford University Press,13674803 13674811,<a href="https://www.scimagojr.com/journalsearch.php?q=17945&amp;tip=sid&amp;exact=no" title="SCImago Journal &amp; Country Rank"><img border="0" src="https://www.scimagojr.com/journal_img.php?id=17945" alt="SCImago Journal &amp; Country Rank"  /></a>
NAR Genomics and Bioinformatics,https://www.scimagojr.com/journalsearch.php?q=21101072502&tip=sid&clean=0,journal,2.454,Q1,25,1644,Biochemistry Genetics and Molecular Biology: Genetics + Molecular Biology + Structural Biology | Computer Science: Computer Science Applications | Mathematics: Applied Mathematics ,Oxford University Press,26319268,<a href="https://www.scimagojr.com/journalsearch.php?q=21101072502&amp;tip=sid&amp;exact=no" title="SCImago Journal &amp; Country Rank"><img border="0" src="https://www.scimagojr.com/journal_img.php?id=21101072502" alt="SCImago Journal &amp; Country Rank"  /></a>
Big Data and Society,https://www.scimagojr.com/journalsearch.php?q=21100933954&tip=sid&clean=0,journal,2.448,Q1,69,2359,Computer Science: Computer Science Applications + Information Systems | Decision Sciences: Information Systems and Management | Social Sciences: Communication + Library and Information Sciences ,SAGE Publications Ltd,20539517,<a href="https://www.scimagojr.com/journalsearch.php?q=21100933954&amp;tip=sid&amp;exact=no" title="SCImago Journal &amp; Country Rank"><img border="0" src="https://www.scimagojr.com/journal_img.php?id=21100933954" alt="SCImago Journal &amp; Country Rank"  /></a>
npj Computational Materials,https://www.scimagojr.com/journalsearch.php?q=21100850798&tip=sid&clean=0,journal,2.447,Q1,78,6206,Computer Science: Computer Science Applications | Engineering: Mechanics of Materials | Materials Science: Materials Science (miscellaneous) | Mathematics: Modeling and Simulation ,Nature Publishing Group,20573960,<a href="https://www.scimagojr.com/journalsearch.php?q=21100850798&amp;tip=sid&amp;exact=no" title="SCImago Journal &amp; Country Rank"><img border="0" src="https://www.scimagojr.com/journal_img.php?id=21100850798" alt="SCImago Journal &amp; Country Rank"  /></a>
Internet and Higher Education,https://www.scimagojr.com/journalsearch.php?q=16965&tip=sid&clean=0,journal,2.426,Q1,117,827,Computer Science: Computer Networks and Communications + Computer Science Applications | Social Sciences: Education + E-learning ,Elsevier B.V.,10967516,<a href="https://www.scimagojr.com/journalsearch.php?q=16965&amp;tip=sid&amp;exact=no" title="SCImago Journal &amp; Country Rank"><img border="0" src="https://www.scimagojr.com/journal_img.php?id=16965" alt="SCImago Journal &amp; Country Rank"  /></a>
Journal of Network and Computer Applications,https://www.scimagojr.com/journalsearch.php?q=27277&tip=sid&clean=0,journal,2.417,Q1,141,5581,Computer Science: Computer Networks and Communications + Computer Science Applications + Hardware and Architecture ,Academic Press,10848045 10958592,<a href="https://www.scimagojr.com/journalsearch.php?q=27277&amp;tip=sid&amp;exact=no" title="SCImago Journal &amp; Country Rank"><img border="0" src="https://www.scimagojr.com/journal_img.php?id=27277" alt="SCImago Journal &amp; Country Rank"  /></a>
Computer Methods in Applied Mechanics and Engineering,https://www.scimagojr.com/journalsearch.php?q=18158&tip=sid&clean=0,journal,2.397,Q1,231,15632,Computer Science: Computer Science Applications | Engineering: Computational Mechanics + Mechanical Engineering + Mechanics of Materials | Physics and Astronomy: Physics and Astronomy (miscellaneous) ,Elsevier B.V.,00457825,<a href="https://www.scimagojr.com/journalsearch.php?q=18158&amp;tip=sid&amp;exact=no" title="SCImago Journal &amp; Country Rank"><img border="0" src="https://www.scimagojr.com/journal_img.php?id=18158" alt="SCImago Journal &amp; Country Rank"  /></a>
Computer Assisted Language Learning,https://www.scimagojr.com/journalsearch.php?q=144747&tip=sid&clean=0,journal,2.37,Q1,75,2445,Computer Science: Computer Science Applications | Social Sciences: Linguistics and Language ,Taylor and Francis Ltd.,09588221 17443210,<a href="https://www.scimagojr.com/journalsearch.php?q=144747&amp;tip=sid&amp;exact=no" title="SCImago Journal &amp; Country Rank"><img border="0" src="https://www.scimagojr.com/journal_img.php?id=144747" alt="SCImago Journal &amp; Country Rank"  /></a>
Mechanical Systems and Signal Processing,https://www.scimagojr.com/journalsearch.php?q=21080&tip=sid&clean=0,journal,2.363,Q1,210,24909,Computer Science: Computer Science Applications + Signal Processing | Engineering: Aerospace Engineering + Civil and Structural Engineering + Control and Systems Engineering + Mechanical Engineering ,Academic Press,08883270 10961216,<a href="https://www.scimagojr.com/journalsearch.php?q=21080&amp;tip=sid&amp;exact=no" title="SCImago Journal &amp; Country Rank"><img border="0" src="https://www.scimagojr.com/journal_img.php?id=21080" alt="SCImago Journal &amp; Country Rank"  /></a>
Journal of the Association for Information Systems,https://www.scimagojr.com/journalsearch.php?q=13300154706&tip=sid&clean=0,journal,2.302,Q1,97,1474,Computer Science: Computer Science Applications + Information Systems ,Association for Information Systems,15369323,<a href="https://www.scimagojr.com/journalsearch.php?q=13300154706&amp;tip=sid&amp;exact=no" title="SCImago Journal &amp; Country Rank"><img border="0" src="https://www.scimagojr.com/journal_img.php?id=13300154706" alt="SCImago Journal &amp; Country Rank"  /></a>
ACM Transactions on Information Systems,https://www.scimagojr.com/journalsearch.php?q=18997&tip=sid&clean=0,journal,2.262,Q1,95,1582,Business Management and Accounting: Business Management and Accounting (miscellaneous) | Computer Science: Computer Science Applications + Information Systems ,Association for Computing Machinery (ACM),10468188 15582868,<a href="https://www.scimagojr.com/journalsearch.php?q=18997&amp;tip=sid&amp;exact=no" title="SCImago Journal &amp; Country Rank"><img border="0" src="https://www.scimagojr.com/journal_img.php?id=18997" alt="SCImago Journal &amp; Country Rank"  /></a>
IEEE Transactions on Multimedia,https://www.scimagojr.com/journalsearch.php?q=16211&tip=sid&clean=0,journal,2.26,Q1,152,8660,Computer Science: Computer Science Applications + Signal Processing | Engineering: Electrical and Electronic Engineering + Media Technology ,Institute of Electrical and Electronics Engineers Inc.,15209210,<a href="https://www.scimagojr.com/journalsearch.php?q=16211&amp;tip=sid&amp;exact=no" title="SCImago Journal &amp; Country Rank"><img border="0" src="https://www.scimagojr.com/journal_img.php?id=16211" alt="SCImago Journal &amp; Country Rank"  /></a>
Information Sciences,https://www.scimagojr.com/journalsearch.php?q=15134&tip=sid&clean=0,journal,2.238,Q1,227,29548,Computer Science: Artificial Intelligence + Computer Science Applications + Software | Decision Sciences: Information Systems and Management | Engineering: Control and Systems Engineering | Mathematics: Theoretical Computer Science ,Elsevier Inc.,00200255,<a href="https://www.scimagojr.com/journalsearch.php?q=15134&amp;tip=sid&amp;exact=no" title="SCImago Journal &amp; Country Rank"><img border="0" src="https://www.scimagojr.com/journal_img.php?id=15134" alt="SCImago Journal &amp; Country Rank"  /></a>
IEEE Transactions on Network Science and Engineering,https://www.scimagojr.com/journalsearch.php?q=21100372437&tip=sid&clean=0,journal,2.167,Q1,53,6170,Computer Science: Computer Networks and Communications + Computer Science Applications | Engineering: Control and Systems Engineering , Institute of Electrical and Electronics Engineers USA in Scimago Institutions Rankings,23274697,<a href="https://www.scimagojr.com/journalsearch.php?q=21100372437&amp;tip=sid&amp;exact=no" title="SCImago Journal &amp; Country Rank"><img border="0" src="https://www.scimagojr.com/journal_img.php?id=21100372437" alt="SCImago Journal &amp; Country Rank"  /></a>
Social Media and Society,https://www.scimagojr.com/journalsearch.php?q=21100837352&tip=sid&clean=0,journal,2.156,Q1,68,3446,Computer Science: Computer Science Applications | Social Sciences: Communication + Cultural Studies ,SAGE Publications Ltd,20563051,<a href="https://www.scimagojr.com/journalsearch.php?q=21100837352&amp;tip=sid&amp;exact=no" title="SCImago Journal &amp; Country Rank"><img border="0" src="https://www.scimagojr.com/journal_img.php?id=21100837352" alt="SCImago Journal &amp; Country Rank"  /></a>
Information Processing and Management,https://www.scimagojr.com/journalsearch.php?q=12689&tip=sid&clean=0,journal,2.134,Q1,123,8560,Computer Science: Computer Science Applications + Information Systems | Decision Sciences: Management Science and Operations Research | Engineering: Media Technology | Social Sciences: Library and Information Sciences ,Elsevier Ltd,03064573 18735371,<a href="https://www.scimagojr.com/journalsearch.php?q=12689&amp;tip=sid&amp;exact=no" title="SCImago Journal &amp; Country Rank"><img border="0" src="https://www.scimagojr.com/journal_img.php?id=12689" alt="SCImago Journal &amp; Country Rank"  /></a>
IEEE/ASME Transactions on Mechatronics,https://www.scimagojr.com/journalsearch.php?q=19113&tip=sid&clean=0,journal,2.133,Q1,160,7901,Computer Science: Computer Science Applications | Engineering: Control and Systems Engineering + Electrical and Electronic Engineering ,Institute of Electrical and Electronics Engineers Inc.,10834435,<a href="https://www.scimagojr.com/journalsearch.php?q=19113&amp;tip=sid&amp;exact=no" title="SCImago Journal &amp; Country Rank"><img border="0" src="https://www.scimagojr.com/journal_img.php?id=19113" alt="SCImago Journal &amp; Country Rank"  /></a>
IEEE Robotics and Automation Letters,https://www.scimagojr.com/journalsearch.php?q=21100900379&tip=sid&clean=0,journal,2.119,Q1,104,21816,Computer Science: Artificial Intelligence + Computer Science Applications + Computer Vision and Pattern Recognition + Human-Computer Interaction | Engineering: Biomedical Engineering + Control and Systems Engineering + Mechanical Engineering | Mathematics: Control and Optimization ,Institute of Electrical and Electronics Engineers Inc.,23773766,<a href="https://www.scimagojr.com/journalsearch.php?q=21100900379&amp;tip=sid&amp;exact=no" title="SCImago Journal &amp; Country Rank"><img border="0" src="https://www.scimagojr.com/journal_img.php?id=21100900379" alt="SCImago Journal &amp; Country Rank"  /></a>
